id,titulo,entidad,anio,tipo,url
ENL22,Encuesta Nacional de Lectura 2022 – Perú: características del comportamiento lector de las personas de 0 a 64 años,INEI / Ministerio de Cultura,2023,Oficial,https://www.inei.gob.pe/media/MenuRecursivo/publicaciones_digitales/Est/Lib1897/libro.pdf
ENL22P,"ENL 2022: el 47,3 % de peruanos leyó por lo menos un libro (nota de prensa con cifras Mincul)",Panamericana / Mincul,2023,Prensa (cita fuente oficial),https://panamericana.pe/cultura/379229-encuesta-nacional-lectura-2022-47-3-peruanos-leyo-menos-libro
CERLALC26,Panorama de la actividad editorial en América Latina 2019-2024,Cerlalc / Universidad Eafit,2026,Organismo internacional (datos de agencias ISBN),https://cerlalc.org/wp-content/uploads/2026/07/Panoram-de-la-actividad-editorial-2019-2024_Cerlalc_Agosto.pdf
ENLA24,ENLA 2024: solo 3 de cada 10 escolares de 4.º de primaria entiende lo que lee,La República (cifras Minedu),2025,Prensa (cita fuente oficial),https://larepublica.pe/sociedad/2025/04/14/minedu-revela-que-solo-3-de-cada-10-escolares-de-cuarto-de-primaria-entiende-lo-que-lee-brecha-se-intensifica-en-regiones-amazonicas-746998
ENLA24B,Columna sobre ENLA 2024 (4.º y 6.º de primaria),L. Trahtemberg en Correo / Lampadia,2025,Opinión (cita cifras oficiales),https://lampadia.com/?p=68506
ENLA24C,Ica: resultados ENLA 2024,Diario Correo,2025,Prensa,https://diariocorreo.pe/edicion/ica/ica-solo-3-de-cada-10-estudiantes-de-cuarto-de-primaria-alcanzo-resultados-satisfactorios-en-matematicas-noticia/
ENLA24D,Ayacucho avanza en ENLA 2024,DRE Ayacucho,2025,Oficial regional,https://dreayacucho.gob.pe/storage/documentos/2025/notas-de-prensa/01JRBPQRKTPFWJY6YPVBZ2MQMS.pdf
ENLA25,ENLA 2025: resumen ejecutivo,Minedu – UMC,2026,Oficial,https://repositorio.minedu.gob.pe/handle/20.500.12799/12773
DR26,Digital 2026: Peru,DataReportal / Kepios,2026,Privado (estimación),https://datareportal.com/reports/digital-2026-peru
GES24,Los factores que dispararán la facturación de librerías en dos dígitos este año,Gestión (declaraciones CPL),2024,Prensa / gremio,https://gestion.pe/economia/empresas/los-factores-detras-que-dispararan-la-facturacion-de-librerias-en-dos-digitos-este-ano-cpl-empresas-librerias-ley-del-libro-peru-noticia/
GES25,¿Lectura en caída?: las expectativas del mercado editorial peruano con la FIL 2025,Gestión (declaraciones CPL),2025,Prensa / gremio,https://gestion.pe/peru/lectura-en-caida-las-expectativas-del-mercado-editorial-peruano-noticia/
AND19,Mercado de libros mueve al año alrededor de S/ 700 millones en Perú,Andina (declaraciones CPL),2019,Prensa / gremio,https://andina.pe/agencia/noticia-mercado-libros-mueve-al-ano-alrededor-s-700-millones-peru-769453.aspx
AND18,Feria Internacional del Libro: mercado peruano mueve casi S/ 900 millones al año,Andina (declaraciones CPL),2018,Prensa / gremio,https://andina.pe/agencia/noticia-feria-internacional-del-libro-mercado-peruano-mueve-casi-s-900-millones-al-ano-749381.aspx
FIL26,Lo que nos dejó la FIL Lima 2026,El Peruano,2026,Prensa (cifras CPL),https://www.elperuano.pe/noticia/302024-lo-que-nos-dejo-la-fil-lima-2026
FIL25,FIL Lima 2025: los libros más vendidos,Caretas (cifras CPL),2025,Prensa,https://caretas.pe/?p=761243
L31893,"Reglamento de beneficios tributarios de la Ley del Libro (Ley 31893, DS 058-2024-EF)",Contadores y Empresas,2024,Especializada (resume norma),https://www.contadoresyempresas.com.pe/aprueban-reglamento-de-los-beneficios-tributarios-de-la-ley-del-libro/
L31893B,El Gobierno peruano aprueba el Reglamento de la Ley del Libro,Publishnews,2024,Especializada,https://publishnews.es/reglamento-ley-libro-peru/
L32542,Prórroga de exoneraciones del IGV (Apéndices I y II) hasta el 31/12/2028 – Ley 32542,ByB Consultores,2026,Especializada (verificar en El Peruano),https://bybconsultores.pe/impuesto-a-la-renta/comun-igv-renta/prorroga-de-las-exoneraciones-del-igv-vigencia-de-los-apendices-i-y-ii-hasta-el-31-de-diciembre-de-2028/
BNP19,Producción editorial por departamentos (sin Lima) 2019 – Bibliografía Peruana,Biblioteca Nacional del Perú,2019,Oficial,https://www.bnp.gob.pe/documentos/bibliografia-peruana/estadisticos/produccion-editorial-por-departamentos-sin-lima-2019.pdf
BNP25,BNP: balance de producción editorial 2025,Biblioteca Nacional del Perú,2025,Oficial,https://www.bnp.gob.pe/?p=38512
BNP26,BNP lanza el Módulo de Trámites ISBN en línea,Biblioteca Nacional del Perú,2026,Oficial,https://www.bnp.gob.pe/?p=40405
IEP25,¿Hay una burbuja de libros de ciencias sociales en el Perú?,IEP – Crítica y Debate,2025,Análisis,https://criticaydebate.iep.org.pe/noticias/hay-una-burbuja-de-libros-de-ciencias-sociales-en-el-peru/
GESFIL,Noticias sobre FIL (Editorial Planeta y expectativas de feria),Gestión,2025,Prensa,https://gestion.pe/noticias/fil/
GESN,Noticias sobre libros (Crisol 40 tiendas; Ibero; Buscalibre),Gestión,,Prensa (fecha de nota no verificada),https://gestion.pe/noticias/libros/
PL1,"Influencia del plan lector en la comprensión lectora (PRONOEI, Carmen de la Legua) – diseño pre-experimental, n=20",Universidad César Vallejo,2014,Tesis,https://repositorio.ucv.edu.pe/handle/20.500.12692/148949
PL2,"El plan lector lúdico como estrategia (IE 20367, Huaycho) – diseño descriptivo no experimental",UNJFSC,2024,Tesis,https://repositorio.unjfsc.edu.pe/handle/20.500.14067/10186
PL3,Disposiciones para la organización e implementación del Plan Lector (material UGEL 07),UGEL 07 / Minedu,2024,Oficial,https://www.ugel07.gob.pe/wp-content/uploads/2024/04/ANEXO-4.pdf
CHAK26,Entre páginas y pantallas: tendencias y factores del hábito lector peruano (análisis microdatos ENL),Revista Chakiñan,2026,Académico,https://chakinan.unach.edu.ec/index.php/chakinan/article/view/1457
